"Refseq","mixed"
"hsa-miR-181c-5p",9.89212103748011e-08
"hsa-miR-146a-5p",3.59518457664878e-05
"hsa-miR-449b-5p",3.59518457664878e-05
"hsa-miR-23a-3p",0.000200571847682298
"hsa-miR-1",0.000200571847682298
"hsa-miR-4295",0.000200571847682298
"hsa-miR-221-3p",0.000743239725714862
"hsa-miR-214-3p",0.000937944284405052
"hsa-miR-184",0.00108487832834489
"hsa-miR-20b-5p",0.00395069011592235
