"Refseq","mixed"
"hsa-miR-15a-5p",6.17107951275944e-58
"hsa-miR-16-5p",6.17107951275944e-58
"hsa-miR-15b-5p",6.17107951275944e-58
"hsa-miR-195-5p",6.17107951275944e-58
"hsa-miR-424-5p",6.17107951275944e-58
"hsa-miR-497-5p",6.17107951275944e-58
"hsa-miR-204-5p",1.89095059594942e-47
"hsa-miR-211-5p",1.89095059594942e-47
"hsa-miR-214-3p",2.97370990288101e-38
"hsa-miR-761",2.97370990288101e-38
