"Refseq","mixed"
"hsa-miR-124-3p",8.17621481316759e-12
"hsa-miR-506-3p",8.17621481316759e-12
"hsa-miR-144-3p",4.69695950659307e-08
"hsa-miR-200b-3p",1.66998271100384e-07
"hsa-miR-200c-3p",1.66998271100384e-07
"hsa-miR-429",1.66998271100384e-07
"hsa-miR-29a-3p",6.98094358615338e-07
"hsa-miR-29b-3p",6.98094358615338e-07
"hsa-miR-29c-3p",6.98094358615338e-07
"hsa-miR-30a-5p",7.55841894711167e-07
