"Refseq","mixed"
"hsa-miR-124-3p",1.36921213117361e-20
"hsa-miR-506-3p",1.36921213117361e-20
"hsa-miR-200b-3p",3.14292892292964e-14
"hsa-miR-200c-3p",3.14292892292964e-14
"hsa-miR-429",3.14292892292964e-14
"hsa-miR-30a-5p",1.60089527288615e-13
"hsa-miR-30c-5p",1.60089527288615e-13
"hsa-miR-30d-5p",1.60089527288615e-13
"hsa-miR-30b-5p",1.60089527288615e-13
"hsa-miR-30e-5p",1.60089527288615e-13
