"Refseq","mixed"
"hsa-miR-15a-5p",3.1328810329386e-50
"hsa-miR-16-5p",3.1328810329386e-50
"hsa-miR-15b-5p",3.1328810329386e-50
"hsa-miR-195-5p",3.1328810329386e-50
"hsa-miR-424-5p",3.1328810329386e-50
"hsa-miR-497-5p",3.1328810329386e-50
"hsa-miR-214-3p",1.20002103980234e-36
"hsa-miR-761",1.20002103980234e-36
"hsa-miR-3619-5p",1.20002103980234e-36
"hsa-miR-204-5p",5.02829568659736e-36
