"Refseq","mixed"
"hsa-miR-15a-5p",7.26970091059115e-77
"hsa-miR-16-5p",7.26970091059115e-77
"hsa-miR-15b-5p",7.26970091059115e-77
"hsa-miR-195-5p",7.26970091059115e-77
"hsa-miR-424-5p",7.26970091059115e-77
"hsa-miR-497-5p",7.26970091059115e-77
"hsa-miR-214-3p",9.64817630561099e-74
"hsa-miR-761",9.64817630561099e-74
"hsa-miR-3619-5p",9.64817630561099e-74
"hsa-miR-204-5p",2.03094622290716e-67
