"Refseq","mixed"
"hsa-miR-200b-3p",3.27900152868867e-07
"hsa-miR-200c-3p",3.27900152868867e-07
"hsa-miR-429",3.27900152868867e-07
"hsa-miR-144-3p",6.38361814751012e-07
"hsa-miR-141-3p",1.69531556885174e-05
"hsa-miR-200a-3p",1.69531556885174e-05
"hsa-miR-30a-5p",4.86393499647467e-05
"hsa-miR-30c-5p",4.86393499647467e-05
"hsa-miR-30d-5p",4.86393499647467e-05
"hsa-miR-30b-5p",4.86393499647467e-05
