"Refseq","mixed"
"hsa-miR-124-3p",1.08004433741946e-12
"hsa-miR-506-3p",1.08004433741946e-12
"hsa-miR-200b-3p",1.00384186055489e-08
"hsa-miR-200c-3p",1.00384186055489e-08
"hsa-miR-429",1.00384186055489e-08
"hsa-miR-144-3p",2.92743139102754e-08
"hsa-miR-29a-3p",1.69815588840268e-07
"hsa-miR-29b-3p",1.69815588840268e-07
"hsa-miR-29c-3p",1.69815588840268e-07
"hsa-miR-15a-5p",3.46703258567057e-07
