"Refseq","mixed"
"hsa-miR-15a-5p",7.9696233644748e-63
"hsa-miR-16-5p",7.9696233644748e-63
"hsa-miR-15b-5p",7.9696233644748e-63
"hsa-miR-195-5p",7.9696233644748e-63
"hsa-miR-424-5p",7.9696233644748e-63
"hsa-miR-497-5p",7.9696233644748e-63
"hsa-miR-214-3p",5.53895096756998e-54
"hsa-miR-761",5.53895096756998e-54
"hsa-miR-3619-5p",5.53895096756998e-54
"hsa-miR-204-5p",4.68308403054515e-51
