"Refseq","mixed"
"hsa-miR-181c-5p",4.12336046211755e-07
"hsa-miR-96-5p",7.37322740544547e-05
"hsa-miR-590-5p",7.37322740544547e-05
"hsa-miR-146a-5p",0.000130477303091775
"hsa-miR-449b-5p",0.000130477303091775
"hsa-miR-214-3p",0.00023888464029701
"hsa-miR-25-3p",0.00024172161089795
"hsa-miR-32-5p",0.00024172161089795
"hsa-miR-92a-3p",0.00024172161089795
"hsa-miR-301a-3p",0.00024172161089795
