"Refseq","mixed"
"hsa-miR-135a-5p",1.02198951340389e-06
"hsa-miR-142-3p",1.20263429891405e-05
"hsa-miR-140-5p",1.22174968913649e-05
"hsa-miR-106b-5p",4.58187309706525e-05
"hsa-miR-130b-3p",4.58187309706525e-05
"hsa-miR-30e-5p",4.58187309706525e-05
"hsa-miR-363-3p",4.58187309706525e-05
"hsa-miR-302b-3p",4.58187309706525e-05
"hsa-miR-302c-3p",4.58187309706525e-05
"hsa-miR-146b-5p",4.58187309706525e-05
