"Refseq","mixed"
"hsa-miR-181c-5p",1.53575272129357e-07
"hsa-miR-96-5p",0.000105315999177827
"hsa-miR-590-5p",0.000105315999177827
"hsa-miR-21-5p",0.000437713091760727
"hsa-miR-455-5p",0.000437713091760727
"hsa-miR-132-3p",0.000469513444398729
"hsa-miR-372-3p",0.000469513444398729
"hsa-miR-146a-5p",0.000496989890896683
"hsa-miR-449b-5p",0.000496989890896683
"hsa-miR-133a-3p",0.00115891489560649
